[
  {
    "id": "166c8a36-7e3e-40e7-b2be-106d84eebd6c",
    "data": [
      {
        "text": "exit",
        "userDefined": false
      }
    ],
    "isTemplate": false,
    "count": 0,
    "updated": 1523282509
  },
  {
    "id": "537341fe-9567-497f-8bce-266d6c61a8a4",
    "data": [
      {
        "text": "quit",
        "userDefined": false
      }
    ],
    "isTemplate": false,
    "count": 0,
    "updated": 1523282509
  },
  {
    "id": "e1c1efcb-5a9d-403e-bc3f-4818cc13307f",
    "data": [
      {
        "text": "bye bye",
        "userDefined": false
      }
    ],
    "isTemplate": false,
    "count": 0,
    "updated": 1523282509
  },
  {
    "id": "9f268ee2-08c3-4728-87d2-35cec4899c5a",
    "data": [
      {
        "text": "bye response",
        "userDefined": false
      }
    ],
    "isTemplate": false,
    "count": 0,
    "updated": 1523282509
  }
]