[
  {
    "id": "49cac1b3-8036-44ef-9850-ed28a75fd811",
    "data": [
      {
        "text": "bye bye",
        "userDefined": false
      }
    ],
    "isTemplate": false,
    "count": 0,
    "updated": 1523282465
  },
  {
    "id": "8357043d-d73a-4834-b183-569954a442a7",
    "data": [
      {
        "text": "exit",
        "userDefined": false
      }
    ],
    "isTemplate": false,
    "count": 0,
    "updated": 1523282465
  },
  {
    "id": "fe93fc47-f075-40d0-baca-a5740c42cbf2",
    "data": [
      {
        "text": "quit",
        "userDefined": false
      }
    ],
    "isTemplate": false,
    "count": 0,
    "updated": 1523282465
  },
  {
    "id": "d1cc8b1b-638a-4e24-bd12-c1b0dd781939",
    "data": [
      {
        "text": "bye",
        "userDefined": false
      }
    ],
    "isTemplate": false,
    "count": 0,
    "updated": 1523282465
  },
  {
    "id": "8dc5d370-a5b7-43f9-86e1-7189de7b4cef",
    "data": [
      {
        "text": "bye card",
        "userDefined": false
      }
    ],
    "isTemplate": false,
    "count": 0,
    "updated": 1523281645
  }
]