[
  {
    "id": "812a5010-a61c-4114-8280-bd581cf92b41",
    "data": [
      {
        "text": "let\u0027s play electronic",
        "userDefined": false
      }
    ],
    "isTemplate": false,
    "count": 0,
    "updated": 1523282570
  },
  {
    "id": "1aad5c39-6825-4e24-b1db-c9f49d76645e",
    "data": [
      {
        "text": "play me some electronic music",
        "userDefined": false
      }
    ],
    "isTemplate": false,
    "count": 0,
    "updated": 1523224273
  },
  {
    "id": "ddccff89-10cb-40f5-aa64-733cb378837d",
    "data": [
      {
        "text": "electronic music",
        "userDefined": false
      }
    ],
    "isTemplate": false,
    "count": 0,
    "updated": 1523224273
  },
  {
    "id": "41014d85-b398-47de-9dbf-b801fcbbcb8d",
    "data": [
      {
        "text": "electronic",
        "userDefined": false
      }
    ],
    "isTemplate": false,
    "count": 0,
    "updated": 1523224273
  }
]