[
  {
    "id": "2763b2e5-7017-4739-93b3-50a4fed82262",
    "data": [
      {
        "text": "let\u0027s play ",
        "userDefined": false
      },
      {
        "text": "jazz",
        "meta": "@sys.ignore",
        "userDefined": false
      }
    ],
    "isTemplate": false,
    "count": 0,
    "updated": 1523282592
  },
  {
    "id": "a8155afe-3c4e-472c-b914-43c8d94dc67c",
    "data": [
      {
        "text": "jazz",
        "meta": "@sys.ignore",
        "userDefined": false
      },
      {
        "text": " music",
        "userDefined": false
      }
    ],
    "isTemplate": false,
    "count": 0,
    "updated": 1523225494
  },
  {
    "id": "876318fc-c3d5-4be6-8374-df8222782bd6",
    "data": [
      {
        "text": "jazz",
        "meta": "@sys.ignore",
        "userDefined": false
      }
    ],
    "isTemplate": false,
    "count": 0,
    "updated": 1523225494
  },
  {
    "id": "8d947a67-2d37-4e7b-b508-b3d282d319e3",
    "data": [
      {
        "text": "play me some jazz music",
        "userDefined": false
      }
    ],
    "isTemplate": false,
    "count": 0,
    "updated": 1523225494
  }
]