[
  {
    "id": "deac57f5-9145-4f24-ba42-4c961fa12337",
    "data": [
      {
        "text": "let\u0027s tune",
        "userDefined": false
      }
    ],
    "isTemplate": false,
    "count": 0,
    "updated": 1523282626
  },
  {
    "id": "70ebc0bd-49b6-4e46-add5-f4850e8daa6b",
    "data": [
      {
        "text": "tune",
        "userDefined": false
      }
    ],
    "isTemplate": false,
    "count": 0,
    "updated": 1523282626
  },
  {
    "id": "7fadab0b-7d9b-45b1-9445-5af2d98a119f",
    "data": [
      {
        "text": "music",
        "userDefined": false
      }
    ],
    "isTemplate": false,
    "count": 0,
    "updated": 1523282626
  },
  {
    "id": "574015fa-85df-47fc-9502-e1b6914f007b",
    "data": [
      {
        "text": "play music",
        "userDefined": false
      }
    ],
    "isTemplate": false,
    "count": 0,
    "updated": 1523282626
  },
  {
    "id": "25cfd80a-4cc4-4fc7-9794-1ede5bc8731f",
    "data": [
      {
        "text": "music genre",
        "userDefined": false
      }
    ],
    "isTemplate": false,
    "count": 0,
    "updated": 1523206617
  },
  {
    "id": "26605a43-e1ab-413d-9222-6cc2ab9e8e41",
    "data": [
      {
        "text": "yes",
        "userDefined": false
      }
    ],
    "isTemplate": false,
    "count": 0,
    "updated": 1523203533
  }
]