[
  {
    "id": "a726d031-ac92-4da2-9ce8-3e06c11b465d",
    "data": [
      {
        "text": "let\u0027s rock",
        "userDefined": false
      }
    ],
    "isTemplate": false,
    "count": 0,
    "updated": 1523282663
  },
  {
    "id": "b50cbbaf-7322-44d5-8510-109c6a8ad13d",
    "data": [
      {
        "text": "let\u0027s play ",
        "userDefined": false
      },
      {
        "text": "rock",
        "meta": "@sys.ignore",
        "userDefined": false
      }
    ],
    "isTemplate": false,
    "count": 0,
    "updated": 1523282663
  },
  {
    "id": "af9c42db-b1fa-4cb7-bccb-faeba9a87848",
    "data": [
      {
        "text": "rock",
        "meta": "@sys.ignore",
        "userDefined": false
      }
    ],
    "isTemplate": false,
    "count": 0,
    "updated": 1523224828
  },
  {
    "id": "a9283a18-b690-4bc0-8940-f311494dd543",
    "data": [
      {
        "text": "play me some rock music",
        "userDefined": false
      }
    ],
    "isTemplate": false,
    "count": 0,
    "updated": 1523224828
  },
  {
    "id": "0c83d4f3-4ec8-4187-b143-1ccd4d1468c0",
    "data": [
      {
        "text": "rock music",
        "userDefined": false
      }
    ],
    "isTemplate": false,
    "count": 1,
    "updated": 1523224828
  }
]