[
  {
    "id": "93e781de-5a2a-4973-a053-96df0be90f1a",
    "data": [
      {
        "text": "suggestion",
        "userDefined": false
      }
    ],
    "isTemplate": false,
    "count": 0,
    "updated": 1523201261
  },
  {
    "id": "0668e71e-1287-4cd6-8b4d-ede1f1403b7a",
    "data": [
      {
        "text": "suggestions",
        "userDefined": false
      }
    ],
    "isTemplate": false,
    "count": 0,
    "updated": 1523201261
  },
  {
    "id": "3fe473c6-4f4f-4c1f-b957-d69bd4aca08a",
    "data": [
      {
        "text": "suggestions card",
        "userDefined": false
      }
    ],
    "isTemplate": false,
    "count": 0,
    "updated": 1523201261
  },
  {
    "id": "8e382f7b-0bcc-459a-b550-8cbc5e6b8dbd",
    "data": [
      {
        "text": "suggestion chips",
        "userDefined": false
      }
    ],
    "isTemplate": false,
    "count": 0,
    "updated": 1523201261
  }
]